{
  "images" : [
    {
      "filename" : "Icon-40.png",
      "idiom" : "universal",
      "platform" : "ios",
      "scale" : "2x",
      "size" : "20x20"
    },
    {
      "filename" : "Icon-60.png",
      "idiom" : "universal",
      "platform" : "ios",
      "scale" : "3x",
      "size" : "20x20"
    },
    {
      "filename" : "Icon-58.png",
      "idiom" : "universal",
      "platform" : "ios",
      "scale" : "2x",
      "size" : "29x29"
    },
    {
      "filename" : "Icon-87.png",
      "idiom" : "universal",
      "platform" : "ios",
      "scale" : "3x",
      "size" : "29x29"
    },
    {
      "filename" : "Icon-76.png",
      "idiom" : "universal",
      "platform" : "ios",
      "scale" : "2x",
      "size" : "38x38"
    },
    {
      "filename" : "Icon-114.png",
      "idiom" : "universal",
      "platform" : "ios",
      "scale" : "3x",
      "size" : "38x38"
    },
    {
      "filename" : "Icon-80.png",
      "idiom" : "universal",
      "platform" : "ios",
      "scale" : "2x",
      "size" : "40x40"
    },
    {
      "filename" : "Icon-120_3x.png",
      "idiom" : "universal",
      "platform" : "ios",
      "scale" : "3x",
      "size" : "40x40"
    },
    {
      "filename" : "Icon-120_2x.png",
      "idiom" : "universal",
      "platform" : "ios",
      "scale" : "2x",
      "size" : "60x60"
    },
    {
      "filename" : "Icon-180.png",
      "idiom" : "universal",
      "platform" : "ios",
      "scale" : "3x",
      "size" : "60x60"
    },
    {
      "filename" : "Icon-128.png",
      "idiom" : "universal",
      "platform" : "ios",
      "scale" : "2x",
      "size" : "64x64"
    },
    {
      "filename" : "Icon-192.png",
      "idiom" : "universal",
      "platform" : "ios",
      "scale" : "3x",
      "size" : "64x64"
    },
    {
      "filename" : "Icon-136.png",
      "idiom" : "universal",
      "platform" : "ios",
      "scale" : "2x",
      "size" : "68x68"
    },
    {
      "filename" : "Icon-152.png",
      "idiom" : "universal",
      "platform" : "ios",
      "scale" : "2x",
      "size" : "76x76"
    },
    {
      "filename" : "Icon-167.png",
      "idiom" : "universal",
      "platform" : "ios",
      "scale" : "2x",
      "size" : "83.5x83.5"
    },
    {
      "filename" : "Icon-1024.png",
      "idiom" : "universal",
      "platform" : "ios",
      "size" : "1024x1024"
    }
  ],
  "info" : {
    "author" : "xcode",
    "version" : 1
  }
}
